{"cameraMode":{"drawMode":0,"name":"Shaded","section":"Shading Mode"},"sceneLighting":true,"audioPlay":false,"sceneViewState":{"m_AlwaysRefresh":false,"showFog":true,"showSkybox":true,"showFlares":true,"showImageEffects":true,"showParticleSystems":true,"showVisualEffectGraphs":true,"m_FxEnabled":true},"in2DMode":false,"pivot":{"x":13.684037208557129,"y":-8.822774887084961,"z":8.903416633605957},"rotation":{"x":0.23214878141880036,"y":0.46558892726898196,"z":-0.13041844964027406,"w":0.8444732427597046},"size":12.12435531616211,"orthographic":false}