{"cameraMode":{"drawMode":0,"name":"Shaded","section":"Shading Mode"},"sceneLighting":true,"audioPlay":false,"sceneViewState":{"m_AlwaysRefresh":false,"showFog":true,"showSkybox":true,"showFlares":true,"showImageEffects":true,"showParticleSystems":true,"showVisualEffectGraphs":true,"m_FxEnabled":true},"in2DMode":false,"pivot":{"x":-1.7024645805358887,"y":0.9987316131591797,"z":-3.935561180114746},"rotation":{"x":0.009856375865638256,"y":0.9872420430183411,"z":-0.1411653310060501,"w":0.07954847812652588},"size":5.298259735107422,"orthographic":false}